Node,PageRank
3,0.2479214961211277
5,0.22672437201980317
4,0.22672437201980317
2,0.10660896131353018
1,0.09601039926286795
0,0.09601039926286795
