Node,PageRank
2,0.411707252665272
0,0.3603781553879088
1,0.22791459194681912
